name,scientific_name,description,location,other_data,behaviour,min_size_for_catch,image
Oblada,Oblada melanura,"Cuerpo claramente ovalado y plano de color plateado que refleja la luz, con una mancha negra en la raíz de su cola, su boca está orientada hacia arriba, miden entre 15cm y 30 cm.","Suele encontrarse en mar abierto cercano a la costa, nadando en grupo y a menudo cerca de embarcaciones paradas y a poca profundidad sobre fondos arenosos.","Es una especie omnívora, se alimenta de algas y pequeños invertebrados bentónicos preferentemente.","Van en grupo y forman bancos en mar abierto, suelen revolotear por la superficie marítima.",N/C,https://pecesmediterraneo.com/wp-content/uploads/2019/03/oblada_melanura_2.jpg
Sargo,Diplodus Sargus,"Cuerpo ovalado y muy plano de color plateado, con una mancha negra en la raíz de su cola y encima de los ojos, su boca tiene gruesos labios, algunos tienen bandas verticales oscuras en la parte superior de su cuerpo sobre todo cuando son jóvenes, miden entre 15cm y 30 cm.","Especie claramente costera, viven en las rocas, en las rompientes de las olas y se meten por cavidades. No frecuentan fondos de más de 50m de profundidad.","Se alimentan de organismos que viven en las rocas, pequeños invertebrados, erizos, estrellas de mar, algas.","Los más jóvenes viven en grupos, tienden a ser solitarios en etapas adultas, cuando se sienten amenazados se esconden en cuevas y agujeros rocosos.",23cm,https://pecesmediterraneo.com/wp-content/uploads/2019/03/diplodus_sargus_3-.jpg
Sargo Picudo,Diplodus puntazzo,"Cuerpo ovalado y muy plano de color plateado, con una mancha negra en la raíz de su cola la cual termina en color negro, también tiene un pequeña mancha negra en la raíz de su aleta pectoral. Su boca es aguda y alargada, algunos tienen bandas verticales oscurecidas en la parte superior de su cuerpo sobre todo cuando son jóvenes, pueden llegar a medir hasta 50cm.","Especie claramente costera como máximo a 50m de esta, viven en las rocas o en fondos frondosos de alga en hasta 50m de profundidad.","Se nutre de pequeñas esponjas, algas, gusanos, gambas y pequeños moluscos.","Los más jóvenes viven en grupos, tienden a ser solitarios en etapas adultas, cuando se sienten amenazados se esconden en cuevas y agujeros rocosos aunque a veces son algo despistados. Suelen alimentarse en paredes verticales.",18cm,https://pecesmediterraneo.com/wp-content/uploads/2019/03/diplodus_puntazzo_3.jpg
"Mojarra, Variada",Diplodus vulgaris,"Forma de cuerpo ovalada, con una prolongada banda negra vertical entre el cuerpo y el inicio de su cabeza, y otra similar en la raíz de la cola, de color plateado-azulado, pueden llegar a medir hasta 40cm.",En zonas de costa entre la frontera de roca y arena o fondos rocosos de no más de 50 m de profundidad.,"Se alimenta de bivalvos, algas, erizos, gusanos de mar, crustáceos, etc…","Suelen juntarse con sargos para ir en grupo con un comportamiento similar, cuando son jóvenes forman bancos y se esconden en cavidades para protegerse de depredadores.",18cm,https://pecesmediterraneo.com/wp-content/uploads/2019/03/diplodus_vulgaris_3.jpg
"Raspallón, Esparrall",Diplodus Annularis,"Cuerpo ovalado y muy plano de color plateado-amarillento, es similar a la variada pero más pequeño, unos 18cm de longitud media, tiene una mancha negra en la raíz de la cola y sus aletas son amarillas.",En fondos rocosos o en praderas de algas suspendidos entre ellas.,"Es una especie depredadora, caza gusanos, otros peces pequeños, moluscos, etc.","Suelen desplazarse de forma calmada por el fondo marino, no excesivamente grupales, se unen para desparasitarse entre ellos.",15cm,https://pecesmediterraneo.com/wp-content/uploads/2019/03/diplodus_annularis_2.jpg
"Sargo Real, Sargo Breado",Diplodus Cervinus,"Forma ovalada de color plateado con bandas verticales gruesas y oscuras y una mancha negra sobre los ojos, llega hasta los 60cm de longitud, tiene morros gruesos y amplios. Es el más grande de la familia de los Sargos.","Le gustan las aguas cálidas y costeras entre los 2m y los 80m de profundidad, y los fondos de roca, arena o fango.",Son omnívoros aunque prefieren otros animales a algas. Se reproducen de Enero a Abril.,Se puede ver en grupos de 5 a 10 o acompañado de otras especies similares.,15cm,https://pecesmediterraneo.com/wp-content/uploads/2019/03/diplodus_cervinus_2.jpg
"Pagel, Breca",Pagellus Erythrinus,"De cuerpo semi ovalado y alargado, su cabeza es de silueta oblicua, tiene una longitud de entre 20cm y 40cm, de color rosado y rojizo plateado, su vientre es más claro que el resto del cuerpo.",Vive en fondos de coral o arenosos y fangosos de entre 10m y 300m.,"Es omnívoro, aunque se alimenta en mayor medida de crustáceos y moluscos pequeños.",Suele vivir en pequeños grupos y en invierno se desplazan a aguas profundas.,15cm,https://pecesmediterraneo.com/wp-content/uploads/2019/03/pagellus_erythrinus_2.jpg
Aligote,Pagellus Acarne,"Cuerpo alargado y comprimido, de color gris y rosado, puede llegar a medir hasta 35 cm, aunque normalmente su longitud se sitúa alrededor de los 20 cm.","Vive sobre fondos arenosos o fangosos, entre los 20 y los 200m de profundidad.","A pesar de ser omnívoros prefieren gusanos, moluscos y crustáceos de pequeña talla.",A medida que avanza en edad vive en mayor profundidad.,17cm,https://pecesmediterraneo.com/wp-content/uploads/2019/03/pagellus-acarne2.jpg
"Besugo, Gorás","('',)","Cuerpo alargado de tipo fusiforme, alto y con cierta forma ovalada. Resaltan sus grandes ojos con boca pequeña. Su coloración es rojo pardo en la parte superior que se difumina con el plateado progresivamente bajando a su parte inferior. Su tamaño medio es de 35 cm de longitud. Tiene una característica mancha negra mancha oscura en el opérculo superior a principio de la línea lateral.","Los más jóvenes viven próximos a la costa, a medida que se hacen adultos se adentran a las profundidades entre los 100m y los 400m.","Es omnívoro, aunque se alimenta en mayor medida de gusanos, crustáceos y moluscos pequeños.","Los ejemplares jóvenes viven formándo grandes cardúmenes, mientras los que los adultos viven en solitario o en pequeños grupos",33cm,https://pecesmediterraneo.com/wp-content/uploads/2020/05/Pagellus_bogaraveo.jpg
Pargo,Pagrus pagrus,"Cuerpo oval, moderadamente voluminoso, su perfil de la cabeza es convexo, cabeza oscura desde la nuca hasta la boca, son de color rosa plateado, con un toque amarillento en la parte superior del cuerpo.","Vive en aguas poco profundas, nunca a más de 50m sobre fondos arenosos o de roca.",Se alimentan de otros peces pequeños o moluscos (cangrejos).,Normalmente son solitarios aunque a veces se ven pequeños grupos de no más de 4 peces.,15cm,https://pecesmediterraneo.com/wp-content/uploads/2019/03/pagrus_pagrus.jpg
Urta,Pargus Auriga,"Es una especie muy llamativa debido a las bandas verticales de color rojizo que atraviesan su cuerpo plateado azuloso, de perfil ovalado con una larga tira de espinas superior. Suele medir unos 40-60cm, aunque puede llegar a los 90cm de longitud.",Vive en los fondos cercanos a la costa entre los 2 y 200 m de profundidad en zonas rocosas o mixtas de arena y roca.,Se alimentan preferentemente de crustáceos y moluscos pequeños.,Es muy combativo y algo curioso al ser un depredador.,N/C,https://pecesmediterraneo.com/wp-content/uploads/2019/03/pargus_auriga_3.jpg
Dorada,Sparus Aurata,"Silueta comprimida, de gran cabeza, su rasgo distintivo es una gran mancha negra en la zona branqueal y su color brillante con tonos dorados o grises, su boca es grande con morros amplios.","Se encuentra desde poca profundidad hasta los 30 m, prefiere los fondos arenosos aunque también se puede ver sobre fondos de roca.","Se alimentan de gusanos, crustáceos y moluscos. Se reproduce en los meses que van desde final de verano hasta llegar a Febrero.",Es un pez muy escurridizo y asustadizo. Se junta en pequeños grupos o en solitario.,20cm,https://pecesmediterraneo.com/wp-content/uploads/2019/07/sparus_aurata_4.jpg
Chopa,Spondyliosoma Cantharus,"Cuerpo oval y plano, de color gris-azul-plateado. Sus dientes son pequeños pero muy visibles y numerosos. Tiene una pequeña chepa tras la cabeza. Tiene una longitud de no más de 60cm.","Viven preferentemente sobre fondos rocosos aunque también se pueden encontrar sobre fondos arenosos o de algas. Los ejemplares adultos viven en grandes profundidades de hasta 300m, mientras que los más jóvenes pueden verse en profundidades de 8-10 metros.","Son omnívoros, se alimentan preferentemente de algas y lo complementan con pequeños crustáceos.",Cuando son jóvenes se agrupan en numerosos grupos cerca de la costa.,15cm,https://pecesmediterraneo.com/wp-content/uploads/2019/03/spondyliosoma_cantharus_2.jpg
Dentón,Dentex Dentex,"Cuerpo ovalado y plano, mayoritariamente plateado manchado con pequeñas marcas oscuras. Tiene una cabeza grande, de morro extenso que finaliza en una boca grande cuyo labio inferior está más pronunciado y dientes afilados. Tiene una longitud de entre 30cm y 50cm.","Viven en zonas rocosas y con vegetación. Habita en una profundidad que llega hasta los 200m, siendo más frecuente entre los 0 y los 50m, en verano se hacen más visibles cerca de la costa.","Esta especie es depredadora carnívora y voraz. Se alimenta de peces pequeños, de juveniles, de cangrejos y de su alimento predilecto los calamares.","Cuando son jóvenes se agrupan en pequeños grupos de 4 o 5, los adultos son solitarios. Se les puede ver cazando en grupos de peces con cierta violencia. Es muy desconfiado.",35cm,https://pecesmediterraneo.com/wp-content/uploads/2020/08/dentex_dentex_4.jpg
"Pez Piloto, Pàmpol",Naucrates Ductor,"Cuerpo alargado y comprimido, especie peciforme, tiene escamas muy pequeñas, de color gris azulado, destacan 6 bandas verticales oscuras que atraviesan su cuerpo. Pueden alcanzar los 65 cm de longitud.","Es un pez pelágico, nada en mar abierto junto a medusas, barcos, tiburones o rayas.","Se alimenta de parásitos de grandes peces a los que acompaña, deshechos de su comida e incluso heces.","Pese a que nada junto a depredadores como los tiburones, nunca son atacados por estos.","('',)",https://pecesmediterraneo.com/wp-content/uploads/2021/01/naucrates_ductor_3.jpg
Mabre. Herrera,Lithognathus Mormyrus,"Cuerpo ovalado y algo alargado a la vez que comprimido lateralmente, tiene una cabeza grande con morro ligeramente puntiagudo. De color mayormente plateado con diferentes tonalidades mas pálido en el vientre y oscuro en el lomo, se caracteriza por tener unas rallas verticales de color amarillo oscuro o marrón. Tiene una longitud de entre 30cm y 50cm.","Viven, sobre todo, en fondos arenosos o fangosos, hasta 20 metros de profundidad. También aparece en claros de arena entre rodeadas de posidonia. Le gustan las aguas con alto nivel de salinidad.","Le encanta alimentarse de gusanos, y pequeños crustáceos y moluscos.","En verano es común ver grupos de hasta 20 ejemplares nadando por las playas, es muy común en la pesca de playa.",20cm,https://pecesmediterraneo.com/wp-content/uploads/2019/03/lithognathus_mormyrus.jpg
Salpa,Sarpa Salpa,"Cuerpo alargado, y algo ovalado y comprimido lateralmente con la cabeza pequeña, con boca pequeña. Suele medir entre 25-30cm de longitud. Tiene un color verdoso-plateada destacan sus rallas horizontales de color amarillo.","No viven en grandes profundidades como mucho a 20m, aunque pueden llegar a verse alguno a 70m. Se mueven por zonas rocosas y de arena cercanos a la costa.",Se alimentan principalmente de algas (caulerpa taxifolia) y plantas y ocasionalmente de pequeños invertebrados.,"Suelen formar grupos con lisas y sargos o demás miembros de su misma especie, no son especialmente asustadizos. La ingesta de su cabeza puede provocar efectos alucinógenos.",15cm,https://pecesmediterraneo.com/wp-content/uploads/2019/03/sarpa_salpa.jpg
"Chanquete, Jonquillo",Aphia Minuta,Es un pez de dimensiones minúsculas (alrededor de los 3-4cm) tiene un aspecto frágil ya que su cuerpo es alargado y transparente con un tono rojizo.,"Nada en grandes bancos en profundidades que van desde los 5 hasta los 80 metros, predominan en zonas estuarias.","Se alimenta de pequeñas larvas, crustáceos y zooplacton","Forman impresionantes bancos, a menudo junto a sardinas, son muy apreciados culinariamente.","('',)",https://pecesmediterraneo.com/wp-content/uploads/2021/01/aphia_minuta_1.jpg
Boga,Boops Boops,"Cuerpo alargado, y con cierto volumen tiene ojos grandes y un color azulado o plateado, destacan sus líneas horizontales en los laterales de color dorado con una mancha oscura en la base de la aleta pectoral, su longitud común está alrededor de los 20cm.",Viven entre la superficie y los 300m de profundidad.,Se alimentan principalmente de algas y crustáceos.,Forman grandes bancos y diariamente efectúan desplazamientos verticales del fondo a la superficie.,11cm,https://pecesmediterraneo.com/wp-content/uploads/2019/03/boops_boops.jpg
Sardina,Sardina Pilchardus,"Cuerpo alargado y de forma cilíndrica, sus mandíbulas tienen la misma longitud que su cabeza, no pasan de los 20 cm de longitud. El dorso tiene una coloración azul verdosa, mientras el lateral y la parte ventral es plateada, además presentas una serie de puntos oscuros alineados horizontalmente en la linea que separa la tonalidad del dorso con el resto.","Especie pelágica, que se agrupa en grandes bancos, y viven entre la superficie y los 150 metros.","Tiene preferencia por animales invertebrados tipo crustáceo planctónicos y fitoplancton, también consume otros peces de pequeño tamaño. Aunque se trata de una especie filtradora.","Son peces gregarios que se agrupan en inmensos bancos, en primavera se acercan a la costa y cuando descienden las temperaturas migran a aguas abiertas.","('',)",https://pecesmediterraneo.com/wp-content/uploads/2021/07/sardina_pilchardus_3.jpg
Alacha de Madeira,Sardinella Maderensis,"Cuerpo alargado, tiene una aleta pectoral superior de color blanco, la parte superior suele tener un color azul, pueden alcanzar hasta los 37cm de largo.",Les gustan las aguas cálidas y se pueden encontrar hasta en 80m de profundidad.,"Se alimenta de una variedad de pequeños invertebrados planctónicos, larvas de peces y fitoplancton.",Suelen forman bancos en zonas cerca de la costa y son peces migratorios.,N/C,https://pecesmediterraneo.com/wp-content/uploads/2019/03/sardinella_maderensis.jpg
Alacha,Sardinella aurita,"Cuerpo alargado, tiene una aleta en la parte superior, es de color azuloso o verdoso que se enfatiza en su parte superior, su boca tiene una orientación hacia arriba, puede medir hasta 30cm.",No le gustan las aguas frías teniendo predilección por zonas costeras e incluso puertos.,"Se alimenta elementalmente de plancton y ocasionalmente carroña, a menudo es usado como cebo en la pesca.","A finales de verano se acercan en grandes bancos a la costa, en invierno vuelve a los fondos marinos.",N/C,https://pecesmediterraneo.com/wp-content/uploads/2019/03/sardinella_aurita.jpg
Boquerón,Engraulis Encrasicolus,"Cuerpo alargado de unos 15-20cm de longitud, tiene el morro superior puntiagudo y más prominente que el inferior y una boca grande, sus ojos son relativamente grandes al respecto de su cabeza ocupando la mayor parte de esta, su coloración es verdosa oscura en el dorso con una banda azul marino que separa a una coloración mas plateada en los lados.",Es una especie pelágica que se encuentra en grandes bancos entre la superficie y los 150 metros.,Se alimenta de plancton y es una especie muy valorada a nivel comercial,"Son peces gregarios, forman bancos y realizan migraciones, a menudo penetran en estuarios","('',)",https://pecesmediterraneo.com/wp-content/uploads/2021/07/engraulis_encsasicolus_1.jpg
Capellán,Trisopterus minutus,"Cuerpo alargado, tiene una característica joroba encima de la cabeza, su boca es pequeña es de color marrón, puede llegar a medir 26cm de longitud.","Normalemente se encuentra en profundidades que van desde los 15 a los 200 metros, son bentopelágicos.",Comen crustáceos y pequeños peces.,No son migradores.,11cm,https://pecesmediterraneo.com/wp-content/uploads/2019/03/trisopterus_minutus_2.jpg
Roncador,Pomadasys Incisus,"Cuerpo oblongo y comprimido, boca en punta pequeña, cola azulada, su color es plateado-amarillento.","Viven sobre fondos rocosos, zonas abruptas y arenosos entre los 5 y 60 metros de profundidad.",Se alimentan principalmente de pequeños invertebrados.,"Forman inmensos bancos de casi un millar, emiten sonidos que se asemejan a los ronquidos. Por la noche se dispersan.",N/C,https://pecesmediterraneo.com/wp-content/uploads/2019/03/pomadasys_incisus_3.jpg
Merlo,Labrus Merula,"Cuerpo alargado con su parte superior ligeramente cóncava, y vientre más recto, de color muy variable, marrón, verde, azul oscuro… aunque sus aletas tienen siempre un color azul cielo. Su tamaño no suele superar los 45cm.","Son bentónicos, viven sobre suelos rocosos con vegetación marina en profundidades de no más de 50m y normalmente están en cuevas o cavidades.","Es carnívoro y se alimenta de crustáceos, moluscos, gusanos marinos o equinodermos. Se reproduce sobre todo en invierno.","Los adultos son solitarios, algo curiosos pero si se asustan se introducen en cuevas o agujeros.",N/C,https://pecesmediterraneo.com/wp-content/uploads/2019/03/Labrus-Merula.jpg
"Griva, Tordo verde, Bodión verde",Labrus Viridis,"Cuerpo y cabeza alargados, su cuerpo está cubierto de pequeñas y multitudinarias manchas blancas, su longitud va de los 35 a los 50cm. Dependiendo de su edad van de tonalidades verdosas a más marrones.","Suelen vivir sobre praderas de posidonia y en profundidades que van desde los 2 hasta los 50 metros, los ejemplares de más tamaño viven en fondos rocosos a más de 15m de profundidad.","Se alimenta de crustáceos, moluscos, gusanos marinos o equinodermos. Nace siendo hembra y se convierte en macho cuando es adulto.",Nadan lenta y suavemente entre algas y son peces solitarios.,N/C,https://pecesmediterraneo.com/wp-content/uploads/2019/03/labrus_viridis_2.jpg
Gallito de Rey,Labrus Bimaculatus,"Es un pez de cuerpo alargado y comprimido lateralmente. Tiene una cabeza larga, no muy alta, y un morro puntiagudo, boca pequeña. La aleta caudal es compacta y de silueta en curva. La coloración es diferente en machos y hembras. Así, las hembras son de color rosado amarillento uniforme. Los machos tienen la cabeza, el dorso y la cola de color azul con líneas verdosas. La parte ventral es amarilla o rosada, así como la parte superior trasera.","Vive sobre fondos coralígenos rocosos con algas y praderas marinas y en una profundidad no mayor a 200m. Algunos, durante el verano, suben a la superficie. No suelen estar muy cerca de la costa.","Se alimenta de crustáceos, moluscos, gusanos y algunos peces pequeños.","Nadan durante el día y se refugian en huecos y cuevas, son muy territoriales.",N/C,https://pecesmediterraneo.com/wp-content/uploads/2019/03/labrus_bimaculatus.jpg
"Bodión, Tordo",Symphodus Tinca,"Es un pez de cuerpo alargado. Tiene una cabeza larga, y afilada, y un morro puntiagudo, boca pequeña. Es de color marrón o verdoso con tiras de manchas rojizas y una cola compacta de color azul. Su longitud está alrededor de los 30cm.",Vive en fondos rocosos o en posidonia entre la superficie y los 50m de profundidad.,"Son carnívoros, comen invertebrados, erizos de mar, gusanos y pequeños crustáceos, como gambas y cangrejos.",Los machos son bastante territoriales y se posan a menudo sobre rocas cerca del lugar donde viven.,N/C,https://pecesmediterraneo.com/wp-content/uploads/2019/03/symphodus_tinca_2.jpg
Tordo de 5 Manchas,Symphodus Roissali,"Es un pez bastante pequeño, no más de 15cm de longitud, cuerpo comprimido, tiene pequeñas manchas marrones, amarillas y azulonas que lo cubren, un vientre de color blanco y un lomo más marrón.",Vive sobre rocas superficiales a poca profundidad y es muy abundante.,"Se alimenta de crustáceos, moluscos, erizos pequeños e hidrozoos.","Es muy activo y nervioso, nada revoltosamente entre las rocas.",N/C,https://pecesmediterraneo.com/wp-content/uploads/2019/03/symphodus_roissali.jpg
Porredana,Symphodus Melops,"Tiene el cuerpo alargado, oblongo y comprimido. Las hembras tienen colores base verdes, pardos o pardos-verdes. Los machos son más vistosos, con colores base pardo-rojos, con la cabeza decorada con líneas de color rojo. Tiene un tamaño no superior a 28cm.","Especie bentónica. Viven en el litoral, en las zonas de fondos rocosos y también en las praderas de algas marinas, hasta los 50 metros de profundidad.","Alimentación muy variada y carnívora, comen moluscos, crustáceos, gusanos, etc.","Son muy activos, y suelen formar pequeños bancos. Normalmente nadan muy cerca del fondo.",N/C,https://pecesmediterraneo.com/wp-content/uploads/2019/03/symphodus-melops_3.jpg
Tordo Ocelado,Symphodus Ocellatus,"Cuerpo alargado y color marrón con toques amarillentos o naranjas en las hembras y color azul con toques rojizos en machos, son de pequeño tamaño, entre 9 y 12 cm. Tienen un mancha muy característica en la abertura de las bránqueas.","Vive normalmente cerca de rocas y zonas con algas, en profundidades que normalmente no rebasan los 20m.","Alimentación variada y carnívora, comen moluscos, crustáceos, gusanos, etc.",Se mezclan con otros peces de similar tamaño y revolotean en rompientes de olas.,N/C,https://pecesmediterraneo.com/wp-content/uploads/2019/03/symphodus_ocellatus.jpg
"Peto, Tordo",Symphodus Cinereus,"Pez de cuerpo un poco ovalado y poca longitud, no más de 16cm, de color marrón y vientre más blanco. Otros son de un marrón más oscuro con tonos azulados en sus aletas.",Reside habitualmente en praderas de posidonia y fondos rocosos con vegetación en hasta 30 m de profundidad.,"Comen gambas, crustáceos y moluscos.",Los machos construyen nidos en la arena cubriéndolos de plantas o algas marinas.,N/C,https://pecesmediterraneo.com/wp-content/uploads/2019/03/symphodus_cinereus.jpg
Tordo Rojo,Symphodus Mediterraneus,"Pez de poco tamaño (unos 15cm), cuerpo alargado y algo ovalado con boca pequeña, tiene un color marrón rojizo con una mancha negra en la base de la cola y una amarillenta en la base de sus aletas pectorales.",Reside en fondos de roca entre 1 y 50m de profundidad también en praderas de posidonia.,"Comen moluscos, erizos, briozoos y pequeños erizos.",A medida que avanza su edad van desplazándose desde la costa hasta zonas más profundas.,N/C,https://pecesmediterraneo.com/wp-content/uploads/2019/03/symphodus_mediterraneus.jpg
Tordo Picudo,Symphodus Rostratus,"Pez de entre 10 y 13cm de longitud, cuerpo alargado destaca por tener la cabeza alargada terminada en unos labios muy finos y orientados hacia arriba, es de color amarillento, marrón o verdoso brillante con topos por su cuerpo.",Reside en fondos de roca donde pueda esconderse y también cerca de posidonia.,"Comen pequeños crustáceos, moluscos, equinodermos, etc… son carnívoros.",Es un pez muy solitario.,N/C,https://pecesmediterraneo.com/wp-content/uploads/2019/03/symphodus_rostratus.jpg
Llambrega,Symphodus melanocercus,"Cuerpo alargado con boca pequeña y ojos grandes, su color es variable, las hembras y crías son de color beige claro bastante uniforme y aleta caudal negra, mientras los machos adultos poseen el cuerpo gris oscuro con la parte inferior más clara y con una serie de motas azul metálico. Las aletas están manchadas del mismo azul metálico característico. No mide más de 14cm.","Especie bentónica, vive sobre piedras con algas, cavidades y cerca de la posidonia a no más de 30 metros de profundidad.","Es un desparasitador, se alimenta de los parásitos de estos",A menudo desparasitan en grupo a un mismo pez y uno solo puede llegar a desparasitar hasta 100 peces en alrededor de 1 hora.N/C,"('',)",https://pecesmediterraneo.com/wp-content/uploads/2020/09/symphodus_melanocercus_1.jpg
"Fredy, Pez verde",Thalassoma Pavo,"Su cuerpo es alargado y de líneas suaves, cabeza ovalada y boca pequeña. De color chillón, se entremezcla el verde rojo y amarillo con líneas azulosas verticales en el lomo, no miden más de 25cm.","Es una especie bentónica, litoral y frecuenta los fondos rocosos o praderas de Posidonia oceánica. Vive entre los 0 y 20 metros.","Comen pequeños crustáceos y moluscos.
Es un pez Hermafrodita, nace siendo hembra y posteriormente se transforma en macho.","Se mueve muy rápido y es muy activo, no suele estar en reposo.",N/C,https://pecesmediterraneo.com/wp-content/uploads/2019/03/thalassoma_pavo.jpg
Doncella,Coris Julis,"Cuerpo alargado y fino pequeña cabeza puntiaguda, las hembras son marrones un poco anaranjadas y los machos son verdosos con una línea en ese anaranjada. No son mayores de 25cm de longitud.",Se localiza en fondos de roca hasta los 50m de profundidad.,"Comen erizos, poliquetos, crustáceos, gasterópodos, etc…","Las hembras forman grupos para alimentarse, mientras los machos van en solitario, por la noche se entierran en la arena.",N/C,https://pecesmediterraneo.com/wp-content/uploads/2019/03/coris_julis.jpg
Raor,Xyrichthys Novacula,"Pez estirado, su cabeza es la parte más alta y su cuerpo va en decrecimiento, tiene un morro pronunciado y la boca está en la parte inferior, con dientes punzantes. Los machos son verdosos, mientras que las hembras tienen un color rojizo-anaranjado. Hasta 25cm de longitud.","Vive en fondos arenosos. Cerca del litoral, entre los 5 y los 50 metros de profundidad.",Se alimentan de invertebrados y pequeños peces que se encuentran en el fondo.,Cuando se ve en peligro se entierra en la arena o baja a las profundidades.,Sujeto a veda,https://pecesmediterraneo.com/wp-content/uploads/2019/03/xyrichthys_novacula.jpg
Castañuela,Chromis Chromis,"Se trata de un pequeño pez de entre 8 y 10 cm, cuerpo ovalado y aplanado, cabeza pequeña y boca pequeña, su cola está bifurcada, es de color marrón oscuro e incluso negro, su vientre es más claro.",Vive en zonas costeras normalmente no a más de 35m son más habituales en los 15m de profundidad.,Se alimentan de plancton e invertebrados.,"Suelen nadar en bancos grandes pero poco densos, durante el día son muy activos y por la noche reposan en el fondo.",N/C,https://pecesmediterraneo.com/wp-content/uploads/2019/03/chromis_chromis.jpg
Tres Colas,Anthias Anthias,"Cuerpo ovalado y plano con una larga aleta en el vientre, cola bifurcada, suele medir unos 18cm, su cuerpo es de color rojizo-anaranjado.","Suele habitar en profundidades que van entre los 30 y 50 metros, en entradas de cavidades rocosas, cuevas, grietas, esponjas, etc…","Es un pez carnívoro, come crustáceos y pequeños peces o capturando plancton.","Forman grupos en la entrada de cuevas donde viven, normalmente, un macho dominante y varias hembras, se pueden mantener suspendidos en el agua casi sin aletear.",N/C,https://pecesmediterraneo.com/wp-content/uploads/2019/03/anthias_anthias_1.jpg
Pez mula,Syngnathus Acus,"Pez de cuerpo alargado y fino en forma de aguja, suele medir alrededor de 25 cm, es de la familia de los caballitos de mar, tiene un morro alargado en forma de trompeta, su color es amarillo pardo con tonos verdosos o marrones, tiene una ligera joraba justo detras de los ojos.","Pez bentónico, vive pegado al fondo marino, es común verlo entre los 15 y 20 metros de profundidad sobre posidonia.",Se mimetiza entre la posidonia para cazar crustáceos de los que se alimenta succionándolos con su peculiar boca.,"Es una especie solitaria, a menudo se pesca con fines decorativos para acuarios de agua salada, al igual que el caballito de mar.","('',)",https://pecesmediterraneo.com/wp-content/uploads/2021/01/syngnathus_acus_3.jpg
Caballito de mar moteado,Hippocampus guttulatus,"Cuerpo aplanado y esquelético, en forma de interrogante, hocico estirado, su color es amarillento o verdosos y miden entre 15 y 20 cm.",En profundidades a partir de los 10m sobre fondos de algas.,Comen pequeños crustáceos que succionan con la boca.,Suelen nadar entre las algas en posición vertical lo que les ayuda a mimetizarse.,N/C,https://pecesmediterraneo.com/wp-content/uploads/2019/03/hippocampus_guttulatus.jpg
Llampuga,Coryphaena hippurus,"Cuerpo muy alargado, destaca por su gran cabeza y frente redondeada, su color es azul y amarillento, sus aletas pectorales son negras, tienen una longitud alrededor de los 100cm.","Frecuenta la superficie marina, entre 5m y 10m de profundidad, y aunque a veces están cerca de la costa es más probable encontrarlas en alta mar.","Su alimentación es muy variada, todo tipo de peces, zooplancton e incluso crustáceos y calamares.",Forman bancos y es una especie migratoria.,N/C,https://pecesmediterraneo.com/wp-content/uploads/2020/09/llampuga.jpg
"Golfas, Anjova, Pejerrey",Pomatomus Saltator,"Su cuerpo es proporcionado con una cola ancha bifurcada, de color blanco en la zona inferior que progresivamente adquiere un color más grisáceo-azulado en la zona superior. Su tamaño va desde los 12cm a grandes dimensiones pudiendo llegar incluso a pesar 9kg.","En épocas estivales se acercan algo a la costa, la cual abandonan periódicamente para migrar por mar abierto formando pequeños bancos.",Son muy agresivos y unos depredadores voraces a la caza de alimento.,Se pueden encontrar en zonas alejadas de playa a unos 300m y sobre todo a la caída del sol es cuando más se muestran. Se mueven en pequeños bancos.,N/C,https://pecesmediterraneo.com/wp-content/uploads/2019/03/pomatomus_saltator.jpg
Chucha,Spicara maena,"Cuerpo alto, comprimido y alargado, larga aleta dorsal, color de tonos azulados mezclado con grises y verdes, tiene manchas azules en cuerpo y aletas.","Frecuentan aguas costeras y hasta los 100m de profundidad, le gustan los fondos blandos y praderas de posidonia.",Se nutren de zooplancton y algún animal bentónico.,Suelen formar densos bancos.,N/C,https://pecesmediterraneo.com/wp-content/uploads/2019/03/spicara_maena_2.jpg
"Gerret, Zerro",Spicara Smaris,"Cuerpo alargado y cabeza reducida, suele medir unos 20 cm como máximo, su coloración en la parte superior tiene lineas marrones que se mezclan con otras grisáceas, su vientre es de color plateado. Tiene una peculiar mancha negra al costado de la aleta pectoral.",Vive sobre fondos rocosos o lechos de posidónea a una profundidad máxima de 140 metros. En la desovación excavan nidos en fondos fangosos.,Su alimentación se basa en pequeños invertebrados marinos.,"Al final del período de incubación, los machos pierden su coloración, se agrupan en grandes cardúmenes y se trasladan a los lugares de alimentación. Su carne es bastante apreciada culinariamente.","('',)",https://pecesmediterraneo.com/wp-content/uploads/2021/07/spicara_smaris_3.jpg
Lisa,Chelon Labrosus,"Cuerpo alargado en forma de cilindro, pueden medir hasta 90cm, color grisáceo azulado, su cabeza es algo aplanada en la parte superior. Tiene 2 aletas dorsales separadas entre sí.","Viven sobre suelos rocosos en poca profundidad (no más de 20m), se ven mucho en zonas costeras y puertos.","Algas, detritos, pequeños invertebrados y carroña es su alimento.",Suelen moverse entre cavidades y agujeros o cerca de rocas alimentándose.,16cm,https://pecesmediterraneo.com/wp-content/uploads/2019/03/chelon_labrosus_2.jpg
Galupe,Liza Aurata,"Cuerpo alargado y cilíndrico, suele medir unos 30cm, una mancha negra en el pectoral y una dorada en la cabeza son sus señas más características.",Frecuenta la superficie marina.,"Se alimenta de pequeños organismos, detritos, insectos y plancton.",Pez sociable que va en grupo.,16cm,https://pecesmediterraneo.com/wp-content/uploads/2019/03/liiza_aurata.jpg
Mujol,Mugil Cephalus,"Cuerpo alargado y de forma cilíndrica, boca pequeña y redondeada, es de color plateado con motas de amarillo pardo y vientre blanquecino, puede llegar a medir hasta 75 cm de longitud desde los 30cm de los más pequeños.","Vive cerca de la costa, en grupo sobre fondos arenosos o fangosos.","Su alimentación está basada en Zooplacton, detritus y organismos bentónicos y los adultos de algas.","Tiene hábitos diurnos, algunos adultos pueden llegar a vivir en aguas dulces.","('',)",https://pecesmediterraneo.com/wp-content/uploads/2021/01/mugil_cephalus_2.jpg
"Jurel, chicharro, sorell",Trachurus Trachurus,"Cuerpo un poco comprimido, no mide más de 35cm de longitud, tiene 2 largas aletas laterales puntiagudas, una cabeza de forma afilada, tiene una característica línea lateral, es de color gris o verde azulado.","Vive en hasta 200m de profundidad y sube a la superficie para alimentarse, también se acercan a la costa para poner sus huevos.",Se alimentan de crustáceos principalmente y se reproducen en verano.,"Suelen formar cardúmenes cuando son jóvenes, los mayores nadan en las profundidades.",15cm,https://pecesmediterraneo.com/wp-content/uploads/2019/03/trachurus_trachurus_2.jpg
Jurel Mediterraneo,Trachurus mediterraneus,"Cuerpo alargado y comprimido, mandíbula inferior prolongada, característica línea lateral, la parte superior de cuerpo y cabeza oscurecen a casi negro o de gris a verde azulado; los otros 2 tercios del cuerpo suelen ser más pálidos; aleta caudal amarillenta. Longitud alrededor de 30cm.","Vive en hasta 200m de profundidad y sube a la superficie para alimentarse, también se acercan a la costa para poner sus huevos.",Se alimentan de crustáceos principalmente y se reproducen en verano.,"Suelen formar cardúmenes cuando son jóvenes incluso con otros peces, los mayores nadan en las profundidades.",15cm,https://pecesmediterraneo.com/wp-content/uploads/2019/03/trachurus_mediterraneus.jpg
Lubina,Dicentrarchus Labrax,"Cuerpo alargado y morro pronunciado y elevado, su cuerpo es de color gris más tirando a plateado, mide entre 60 cm y 90 cm en edad adulta, su cola está ligeramente dividida.","Cerca de la costa o sobre bancos de arena, en zonas portuarias o rocosas, entre la superficie y los 30m de profundidad.","Depredador, sus presas son crustáceos, gusanos marinos o peces más pequeños, se reproducen en invierno.",Nada constantemente sin detenerse en el fondo.,25cm,https://pecesmediterraneo.com/wp-content/uploads/2019/03/dicentrarchus_labrax.jpg
Palometa,Trachinotus ovatus,"Cuerpo en forma ovalada, su aleta caudal es su rasgo más característico al estar claramente bifurcada, su vientre es de color plateado, mientras que en la parte superior predomina un color más oscuro algo verdoso o azulado, pueden llegar a medir hasta 70 cm de longitud, aunque raramente superan los 30cm.","Vive en hasta 200m de profundidad y sobre fondos arenosos, en verano frecuentan la costa a pocos centímetros de la superficie.","Se alimentan de organismos bentónicos, y de pequeños alevines, es un depredador voraz.",Son muy rápidos y forman bancos cerca de la costa.,16cm,https://pecesmediterraneo.com/wp-content/uploads/2019/03/trachinotus_ovatus_2.jpg
Palometón,Lichia Amia,"Cuerpo alargado y ciertamente comprimido, tiene una característica línea lateral serpenteante, tiene color verdoso o gris, su aleta caudal está bifurcada, pueden llegar a medir hasta 2 metros de longitud, aunque su tallaje normal ronda los 50cm – 1 metro.","Vive por la costa y en hasta 50m de profundidad y sobre fondos arenosos, en verano frecuentan la costa a pocos centímetros de la superficie.",Se alimentan pequeños peces y crustáceos.,Son muy rápidos y tienen una gran vista.,60cm,https://pecesmediterraneo.com/wp-content/uploads/2019/03/lichia_amia.jpg
"Pez Limón, Verderol, Serviola",Seriola Dumerili,"Cuerpo ovalado y alargado, de color más pálido en el vientre y verdoso-amarillento en la mayor parte del cuerpo o gris oseáceo y a veces el reflejo de la luz hace que produzca reflejos brillantes, puede llegar a medir hasta 2 metros.","Dependiendo de la estación varían su localización, mientras que en invierno bajan a las profundidades de hasta 70m, es en verano donde se acerca a costas rocosas y se hace más visible debido a que sube a la superficie.","Es un cazador activo de pequeños peces, crustáceos o cefalópodos.","Forman bancos y suelen ser muy curiosos, nadan a media profundidad y de forma constante, no muy apegados a las rocas.",30 cm en época de veda (islas baleares).,https://pecesmediterraneo.com/wp-content/uploads/2019/03/seriola_dumerili.jpg
"Blue Runner , Jurel Tropical",Caranx Crysos,"Puede medir hasta 70 cm de longitud, su cuerpo es alargado y comprimido, presenta una desarrollada mandíbula inferior. Es de color plateado o azul oscuro, su cola bifurcada presenta unas manchas negras en las puntas.","Es un pez pelágico, nada en mar abierto junto a medusas, barcos, tiburones o rayas.",Se alimenta de pequeños peces e invertebrados.,"Es un pez muy nervioso y activo, de movimentos rápidos a media agua.","('',)",https://pecesmediterraneo.com/wp-content/uploads/2023/09/blue-runner-1.jpg
Atún Rojo,Thunnus thynnus,"Cuerpo voluminoso en forma de torpedo, predomina el color azul, mide entre 2 y 3 metros, pudiendo llegar hasta los 4,5 metros",Vive en alta mar en profundidades entre 0 y 100 metros,Son depredadores y se alimentan de peces que forman bancos.,"Son migratorios, atacan a bancos de peces.",115cm,https://pecesmediterraneo.com/wp-content/uploads/2020/09/thunnus_thynnus_4.jpg
"Bonito del Norte, Atún blanco, Albacora",Thunnus Alalunga,"Cuerpo voluminoso y fusiforme, ojos relativamente grandes, destacan sus aletas pectorales muy largas, el dorso es de color oscuro mientras que el vientre es blanco o plateado, miden entre 90 y 140 cm.","Los más jóvenes se mueven por poca profundidad mientras los adultos pueden alcanzar los 200m de profundidad, es una especie migratoria.","Se alimentan de peces de menor tamaño, moluscos y calamares, son cazadores.",Tienen una anatomía adaptada al nado debido a las grandes migraciones que efectúan.,"('',)",https://pecesmediterraneo.com/wp-content/uploads/2020/09/Thunnus-Alalunga_3.jpg
Delfín Listado,Stenella Coeruleoalba,"Con forma típica de delfín se caracteriza por su color blanco o rosa en su parte inferior, así como una serie de bandas de color azul oscuro que cubre su cuerpo, al igual que su ocico y parte trasera. Pueden llegar a medir 2,6 metros y pesar hasta 160 kg.","Esta especie se encuentra principalmente en aguas distantes de la costa, generalmente a partir de unas 10 millas de distancia, y siempre a profundidades superiores a los 100-200 metros. Sin embargo, en áreas con una costa más escarpada y una plataforma continental más estrecha, como la Costa Brava, es común avistarla a corta distancia de la playa, especialmente durante la primavera, cuando sigue los bancos de peces azules.","Tiene una alimentación variada, es depredador y preferentemente come calamares, agujas, merluzas y cefalópodos.","Nada en grupos con sus semejantes cerca de la superficie, se reproducen en los meses de septiembre-octubre.","('',)",https://pecesmediterraneo.com/wp-content/uploads/2023/09/Stenella-Coeruleoalba.jpg
Delfín Común,Delphinus Delphis,"Es un delfín esbelto con un hocico más corto en comparación con el delfín común costero (Delphinus capensis). Su coloración es similar a Delphinus capensis, con una parte dorsal de tono gris oscuro y una parte ventral blanca, mientras que los lados muestran un tono gris claro desde la cabeza hasta la cola. Estos delfines pueden alcanzar longitudes de hasta 2.4 metros y un peso máximo de 110 kg.","Se encuentran tanto en aguas costeras como a distancias considerables de la costa. Aunque mantienen una distribución estable en algunas regiones, muchas poblaciones se desplazan estacionalmente y experimentan picos locales de abundancia en distintas épocas del año. Suelen habitar aguas con temperaturas superficiales que oscilan entre los 10 ºC y 28 ºC.","La alimentación del delfín común se basa en calamares y peces pequeños que forman bancos, alimentándose de noche y descansando por el día.","Suelen ir en grupos de unos 30 semejantes, no poseen un buceo de mucha duración en relación a otros delfines, llegando como máximo a una profundidad de 70 metros.","('',)",https://pecesmediterraneo.com/wp-content/uploads/2023/09/Delphinus-delphis.jpg
Delfín Mular,Tursiops Truncatus,"Especie de tamaño medio, cuerpo robusto, hocico prominente pero corto y fuerte, con una clara separación del melón. Aletas dorsal y pectorales falciformes. Color gris en el dorso y los flancos, más claro en la zona ventral, con variaciones geográficas. Tamaño de 2,5 a 3,8 m con diferencias sexuales leves y peso corporal de hasta 635 kg.","Esta especie de delfín se encuentra en poblaciones litorales y pelágicas, ocupando tanto la plataforma continental como las aguas oceánicas. Se adapta a diversos hábitats marinos, incluyendo estuarios y rías. Su presencia es común en las costas españolas, pero las poblaciones son actualmente pequeñas y fragmentadas, a menudo relacionadas con actividades humanas. Además, son conocidos por su adaptabilidad en cautiverio, aunque enfrentan amenazas como la caza, capturas accidentales y contaminación del agua.","La alimentación de estos delfines es principalmente costera, centrándose en una variedad de peces e invertebrados que se encuentran en las zonas litorales y sublitorales. Sin embargo, aquellos que se alejan de la costa suelen incluir peces mesopelágicos y calamares oceánicos en su dieta. Además, lo que comen puede variar según la disponibilidad local de presas.","Los delfines mulares son veloces nadadores que alcanzan hasta 35 km/h. Necesitan respirar cada 5-8 minutos, lo que resulta en un sueño ligero. Viven en grupos llamados vainas, con hembras y jóvenes en una vaina y machos en grupos pequeños. Son amistosos y curiosos, interactuando con humanos y, en ocasiones, rescatando a personas en peligro. Sin embargo, también pueden ser depredadores agresivos durante la temporada de apareamiento.","('',)",https://pecesmediterraneo.com/wp-content/uploads/2023/09/Tursiops-Truncatus.jpg
"Pintarroja, Gató",Scyliorhinus Canicula,"Cuerpo alargado y afilado, mide hasta 1 metro de longitud, tiene una cabeza aplanada, su cola es puntiaguda, es de coloración diversa, lomo marrón y vientre blanco con manchas negras.",Vive en fondos fangosos o de gran vegetación entre los 30m y los 150m de profundidad.,Son carnívoros y se alimentan preferentemente de otros peces.,Su forma de cazar consiste en atraer a las presas con un lóbulo que hace la función de cebo y atrapar a los peces que se acercan con su amplia boca.,N/C,https://pecesmediterraneo.com/wp-content/uploads/2019/03/scyliorhinus_canicula.jpg
Musola,Mustelus Mustelus,"Cuerpo alargado y afilado de color gris, tiene 2 aletas dorsales, aunque pueden alcanzar los 2 m de longitud, su tamaño máximo usual es de 150 cm. Es un tiburón y su cabeza tiene un morro puntiagudo.",Suele encontrarse en las zonas litorales a poca profundidad.,"Son carnívoros y se alimentan preferentemente de otros peces, crustáceos y moluscos, son depredadores.",Forma grandes grupos y cazan por la noche.,N/C,https://pecesmediterraneo.com/wp-content/uploads/2019/03/mustelus_mustelus.jpg
Tintorera,Prionace Glauca,"Es un tiburón de cuerpo alargado y hocico en forma de cono, de aletas pectorales alargadas, es de color azul intenso con panza blanca y unas manchas negras en las puntas de las aletas, su mandíbula puede proyectarse hacia adelante para facilitar su temible mordedura. Suelen medir alrededor de 2,5 metros de longitud y pesar unos 80Kg.","Es pelágico le gusta nadar en la superficie del mar abierto y ocasionalmente se acerca a zonas costeras, suele buscar aguas frias de menos de 21º. Es una especie migrante.","Se alimenta de peces y calamares mayormente, es un depredador.","A veces se acerca a las costas a curiosear aunque generalmente nada en aguas abiertas siguiendo el rastro de bancos de sardinas, es peligroso para el hombre. Tiene más actividad durante la noche.","('',)",https://pecesmediterraneo.com/wp-content/uploads/2021/07/prionace_glauca_1.jpg
Melva,Auxis Thazard Thazard,"Cuerpo alargado en forma de cilindro, 2 aletas superiores la primera más elevada y grande, la parte superior del cuerpo es azulada con una serie de líneas sinuosas que lo recorren de color oscuro, vientre blanco, pueden llegar a medir hasta 68cm.","('',)","Es una especie cazadora, se alimenta en su mayoría de pequeños peces.",Suele formar grandes cardúmenes para desplazarse,"('',)",https://pecesmediterraneo.com/wp-content/uploads/2020/09/auxis_thazard_1.jpg
Bacoreta,Euthynnus alletteratus,"Cuerpo alargado y sin escamas en forma de proyectil, peciforme, muy similar al atún rojo, dorso azulado que tiende al plateado en sus extremos, su aleta caudal es de forma de media luna, en su vientre se encuentran unas características manchas oscuras. Puede sobrepasar el metro de longitud en su estado adulto.","Es pelágico, y se concentra en la aguas cálidas de la costa, cuando cazan se suelen juntar con gaviotas o aves marinas que también están alimentándose.",Es un depredador de pequeños peces como anchoas o sardinas. Ocasionalmente se alimenta de crustáceos o calamares.,Forma cardúmenes en aguas costeras y habitan desde la superficie hasta los 150 metros de profundidad.,N/C,https://pecesmediterraneo.com/wp-content/uploads/2019/07/Euthynnus-alletteratus_2.jpg
"Estornino, Makarela",Scomber japonicus,"Tiene el cuerpo alargado y ojos grandes, su lomo superior es de color azul verdoso con motas o manchas oscuras que también se pueden ver con menos intensidad en su vientre, mide alrededor de 30 cm en su etapa adulta.","De tipo pelágico, habita los fondos marinos (hasta 200m.) en invierno y en verano se acerca a las costas y la superficie.",Se alimenta mayormente de crustáceos y pequeños moluscos.,Realiza largas migraciones y es un pez gregario.,18 cm,https://pecesmediterraneo.com/wp-content/uploads/2019/07/scomber_japonicus_1.jpg
"Caballa , Verdel",Nombre científico,"Cuerpo alargado en forma de proyectil, los adultos pueden llegar a medir hasta 50 cm, de vientre más claro y verdoso en la parte superior irrumpidas con lineas sinuosas oscuras.","Es pelágico y de carácter migratorio, en estaciones frías permanece en el fondo hasta los 180m. en estaciones cálidas sube a la superficie y se acerca a las costas.",Se alimenta mayormente de crustáceos y pequeños moluscos.,"Es un pez muy veloz, realiza grandes migraciones en grupo.",18 cm,https://pecesmediterraneo.com/wp-content/uploads/2019/07/scomber_scombrus_2.jpg
"Merluza, pescadilla, pijota",Merluccius merluccius,"Cuerpo alargado con boca grande y dientes afilados, su coloración es gris oscura, suele medir entre 40 y 70 cm, pudiendo llegar a los 120cm.","En fondos marinos entre 30 y 500 metros de profundidad,","Es un depredador voraz que se alimenta de peces, calamares y zooplancton",Durante el día reside en las profundidades y se eleva durante la noche.,20cm,https://pecesmediterraneo.com/wp-content/uploads/2019/03/merluccius_merluccius_2.jpg
Espetón,Sphyraena Sphyraena,"Tiene el cuerpo muy alargado y fino en forma de aguja, una gran boca puntiaguda, color gris azulado, sobre su lomo tiene bandas verticales oscuras, puede llegar a medir hasta 1m. de longitud.","En el litoral en profundidades que van desde los 5m hasta los 100m, vagan sobre fondos arenosos o en formaciones rocosas sumergidas.","Son depredadores en grupo que se alimentan de peces, pulpos, camarones, etc…",Suelen formar bancos y nadar cerca de la superficie para cazar y tener una visión “aérea” de sus presas para sorprenderlas.,N/C,https://pecesmediterraneo.com/wp-content/uploads/2019/03/sphyraena_sphyraena.jpg
"Espetón Gigante, Barracuda",Sphyraena Viridensis,"Tiene el cuerpo muy alargado, una gran boca puntiaguda, color gris azulado, sobre su lomo tiene bandas verticales oscuras, aletas de color amarillento, puede llegar a medir hasta 1,3m de longitud.",Los jóvenes pueden verse en zonas costeras y rocosas mientas los adultos son más solitarios y vagan por aguas abiertas.,"Son depredadores en grupo que se alimentan de peces, cefalópodos, crustáceos. Su edad máxima es de 8 años.",Suelen formar bancos numerosos cuando son jóvenes.,N/C,https://pecesmediterraneo.com/wp-content/uploads/2019/03/sphyraena_viridensis_2.jpg
Aguja,Belone belone,"Cuerpo muy alargado, con la boca en forma de pico, puntiaguda, es de color gris, su longitud máxima es de 45cm.","Vive cerca de la superficie, en aguas costeras.",Se alimenta de peces pequeños.,"Son migratorios, y se mueven en grandes bancos, si se ven en peligro pueden dar saltos por encima del agua.",25cm,https://pecesmediterraneo.com/wp-content/uploads/2019/03/belone_belone_1.jpg
Merillo,Serranus Hepatus,"Su cuerpo es alargado y mide hasta 13cm, tiene 5 características bandas verticales oscuras que atraviesan su cuerpo claro.","Vive sobre fondos de arena, fango o praderas entre los 3 y los 10 metros.",Son carnívoros y se alimentan de pequeños invertebrados y peces.,"Como los de su familia, son territoriales.",N/C,https://pecesmediterraneo.com/wp-content/uploads/2019/03/serranus_hepatus.jpg
"Vaqueta, Vaca",Serranus Scriba,"Cuerpo ligeramente alargado, boca extensible, de color claro atravesado por bandas oscuras no uniformes, destaca una mancha difuminada azul en su vientre, boca extensible.","Vive entre rocas, arena y vegetación marina a poca profundidad no más de 30m.","Son carnívoros y se alimentan de moluscos, crustáceos y peces. Son hermafroditas.",Muy curiosos se quedan mirando de frente al submarinista.,N/C,https://pecesmediterraneo.com/wp-content/uploads/2019/03/serranus_scriba.jpg
"Serrano, Cabrilla",Serranus Cabrilla,"Cuerpo alargado, puede llegar hasta los 40cm de longitud aunque lo standard es 15-20cm, es de color pardo-rojizo tiene unas líneas verticales más oscuras y en el vientre una línea más clara horizontal.","Se encuentran entre la superficie y los 500m, son frecuentes en fondos rocosos y arenosos o en la vegetación marina entre los 30 y 60 metros.","Son carnívoros, comen peces, gusanos, cefalópodos y crustáceos. Son hermafroditas.",Son poco miedosos y muy territoriales.,15cm,https://pecesmediterraneo.com/wp-content/uploads/2019/03/serranus_cabrilla_3.jpg
Mero,Epinephelus Marginatus,"Su cuerpo es alargado y voluminoso, tiene una cabeza grande y su mandíbula inferior es pronunciada, normalmente es de color marrón con manchas blancas puede llegar a medir hasta 150cm.","Vive en fondos rocosos escondidos en cavidades, grietas o, sobre todo, cuevas, normalmente en profundidades que van entre los 8 y 25 metros, llegando a poder vivir hasta los 200m.","Comen peces pequeños, cefalópodos y crustáceos y se reproducen en verano.",Si no han tenido mucho contacto hostil con el humano son muy tranquilos y confiados.,45cm,https://pecesmediterraneo.com/wp-content/uploads/2019/03/epinephelus_marginatus.jpg
"Mero Dorado, Falso abadejo",Epinephelus Costae,"Cuerpo alargado y voluminoso, su mandíbula inferior es prominente, tiene coloración marrón con franjas horizontales que atraviesan su cuerpo. Tienen una longitud de entre 70 y 100 cm.","En suelos rocosos mixtos con posidonia y arena cerca de la costa, normalmente entre los 10 y 50 metros de profundidad.","Come crustáceos, peces y cefalópodos. Es hermafrodita.","Es un poco asustadizo, se esconden raramente y nadan más alejados del fondo que los demás tipos de meros.",45cm,https://pecesmediterraneo.com/wp-content/uploads/2019/03/epinephelus_costae_3.jpg
"Abadejo, Gitano",Nombre científico,"Cuerpo fusiforme de color marronizo con irregulares manchas blancas, tiene una cabeza de tamaño grande al igual que su boca, cuya mandíbula inferior es destaca sobre el labio superior. A medida que se hacen más adultos se impone más el color marrón rojizo sobre el blanco. Alcanzan los 80 cm de longitud.
Localización
Suele predominar en las costas rocosas y espigones, pero también frecuenta con frecuencia praderas de posidonia e incluso fondos arenosos, desde 1 metro hasta los 200 metros de profundidad, a más adulto más profundidad.","('',)","Se alimenta de moluscos, espáridos y peces pasto, es depredador.",Son hermafroditas y en su época joven frecuentan espigones portuarios o zonas rocosas costeras.,"('',)",https://pecesmediterraneo.com/wp-content/uploads/2020/09/mycteroperca_rubra_1.jpg
Cherna,Epinephelus aeneus,"Cuerpo alargado y con cierto volumen, mandíbula inferior ligeramente más pronunciada y extensible. De color gris verdoso, pueden alcanzar el metro de longitud, siendo habitual ver sujetos de 60cm en su época adulta.","Prefiere habitar fondos arenosos a rocosos a diferencia de otras especies de su misma familia, nadan en profundidades que van desde los 20 m a los 200 m.",Se alimentan de otros peces de menor tamaño (sardinas) y ocasionalmente de crustáceos.,Efectúan migraciones estacionales y surcan sinuosamente fondos fangosos en busca de presas,45 cm,https://pecesmediterraneo.com/wp-content/uploads/2019/07/epinephelus_aeneus.jpg
"Corvallo, Corvall, Escorball",Sciaena Umbra,"Cuerpo alto, alargado y voluminoso, tiene el lomo curvado, cabeza relativamente pequeña con boca grande, su color es gris-marrón y algo reflectante, su cola es dorada, mide entre 33cm y 75cm.","Vive en fondos rocosos con cavidades y cuevas, también cerca de campos de posidonia, entre los 5 y 30m de profundidad, pudiendo llegar a verse hasta los 180 metros.","Es carnívoro y come peces, moluscos y crustáceos.","Vive en grupos de entre 5 y 30 individuos, durante el día suele estar cerca de su refugio.",30cm,https://pecesmediterraneo.com/wp-content/uploads/2019/03/sciena_umbra.jpg
"Verrugato, Reig",Umbrina Cirrosa,"Pez alargado de vientre plano y lomo arqueado, bastante voluminoso, tiene cabeza y boca pequeña, es de color azulado-metálico con motas. Pueden llegar a medir 1 metro.","Frecuenta fondos blandos, fangosos en zonas litorales y a muy poca profundidad.","Se alimenta de invertebrados bentónicos como poliquetos, crustáceos y moluscos.",Su actividad se centra en el día vagando por los fondos a poca profundidad.,15 cm,https://pecesmediterraneo.com/wp-content/uploads/2019/03/umbrina_cirrosa.jpg
"Brotola de Roca, mollera",Phycis Phycis,"Cuerpo muy alargado, tiene largas aletas dorsales y pelvianas que estiradas le dan aspecto de vela, su color es marrón. Normalmente miden alrededor de los 25cm.","Habitan en fondos duros y arenosos cerca de las rocas, a profundidades de entre 100 a 650 metros.",Comen invertebrados y peces pequeños.,"La mayor actividad la registran durante la noche, ya que durante el día viven escondidos entre las rocas.",N/C,https://pecesmediterraneo.com/wp-content/uploads/2019/03/phycis_phycis_2.jpg
Ochavo,Capros Aper,"Pez pequeño de no más de 15cm, es de color rojizo y blanco con un cuerpo plano y comprimido, tiene ojos grandes, destaca por su morro de forma alargada.","Vive en fondos de roca, coral, fango o arena entre los 300 y 600m de profundidad.","Comen minúsculos invertebrados, crustáceos o moluscos.",Forman enormes bancos.,N/C,https://pecesmediterraneo.com/wp-content/uploads/2019/03/capros_aper.jpg
Salmonete Real. Apogon.,Apogon Imberbis,"Cuerpo de color naranja o rosado, es un pez de poco tamaño, alrededor de los 10 cm, su cuerpo es rechoncho y tiene ojos grandes en proporción al mismo.","Viven cerca de la costa, normalmente en precipitaciones rocosas, aunque también pueden frecuentar fondos fangosos entre los 10 y 200m de profundidad.","Come larvas, huevos y crustáceos.",Suelen estar apostados en huecos o hendiduras que le proporcionen un rápido refugio si se ve amenazado.,N/C,https://pecesmediterraneo.com/wp-content/uploads/2019/03/apogon_imberbis.jpg
Trompetero,Macroramphosus Scolopax,"Pez pequeño de no más de 15cm, es de color anaranjado y blanco con un cuerpo plano y comprimido, tiene ojos grandes y una pequeña cola de color amarillo, destaca por su morro de forma muy alargada y fina.","Vive en fondos de roca, coral, fango o arena entre los 20 y 500m de profundidad.",Comen minúsculos animales planctónicos.,"Los adultos habitan en el fondo, mientras que los más jóvenes cerca de la superficie.",N/C,https://pecesmediterraneo.com/wp-content/uploads/2019/03/macroramphosus_scolopax.jpg
"Pez de San Pedro, Gallo de San Pedro",Zeus Faber,"Pueden llegar a medir unos 60cm. Su cuerpo es redondeado y aplanado, con una cabeza grande perfectamente alineada con su cuerpo. Su aleta dorsal está formada por espinas alargadas que destacan a modo de cresta. Su color es grisáceo con un cierto tono violeta y amarillo-dorado, con unas manchas oscuras.","Reside en fondos arenosos entre 10 metros y 50 metros, llegando a profundidades de hasta 200 m. También se puede encontrar en zonas rocosas o praderas submarinas.",Se alimentan de peces y alguna que otra vez de sepias o calamares.,"Pez poco sociable, van solos o en pequeños grupos, se puede encontrar acostado sobre rocas en las profundidades.",30cm,https://pecesmediterraneo.com/wp-content/uploads/2019/03/zeus_faber.jpg
Pez Ballesta,Balistes Carolinensis,"Su cuerpo es ovalado y plano, tiene los ojos en una posición elevada, boca pequeña una aleta dorsal y anal grandes, y su cola tiene forma de media luna, suelen medir entre 30 y 40 cm. Color gris verdusco o azulado.","Viven en fondos rocosos, arrecifes y ruinas marinas entre los 15 y los 55 metros de profundidad, cerca de la costa.",Se alimentan de moluscos e invertebrados del fondo del mar.,"Suelen nadar en solitario o en parejas y grupos reducidos, su actividad es diurna. Son peces muy confiados.",N/C,https://pecesmediterraneo.com/wp-content/uploads/2019/03/balistes_carolinensis.jpg
Pez Luna,Mola mola,"Tiene un cuerpo plano lateralmente y una forma de luna, redonda (sobretodo en su parte posterior) posee 4 dientes, tiene grandes dimensiones y peso, llegando a medir más de 3 metros y pesar 1 tonelada. Destacan 2 aletas pegadas a su cola de gran dimensión que sobresalen de su forma corpórea. Suele tener un color grisáceo.","Es una especie pelágica, y es habitual verlo nadar cerca de la superficie, donde destaca su silueta y puede sumergirse hasta profundidades de 600 metros.","Se alimenta de plácton, crustáceos y medusas.","Tienen un cerebro minúsculo, no son nada asustadizos y apenas tienen depredadores.","('',)",https://pecesmediterraneo.com/wp-content/uploads/2020/09/mola_mola_1.jpg
Rascacio,Scorpaena Porcus,"Pez alargado con una cabeza grande cubierta por espinas y ojos saltones, su cuerpo está cubierto de manchas de color pardo y rojizas. Mide entre 15 y 25cm de longitud.","Se encuentra en fondos rocosos o paredes de roca y también en praderas de posidonia, desde la superficie hasta los 500m de profundidad.","Se alimenta de crustáceos, principalmente de cangrejos, otros invertebrados y pequeños pescados como blénidos y góbidos. Son venenosos.","Es más activo de noche que de día, ya que sale a cazar sus presas.",N/C,https://pecesmediterraneo.com/wp-content/uploads/2019/03/scorpaena_porcus.jpg
Pez escorpión enano,Scorpaena Loppei,"Cabeza grande y lomo curvado, tiene una aleta dorsal con 12 espinas y 9 radios que alojan el veneno, tiene un color rosado con manchas oscuras, suelen medir unos 10cm.",Vive semienterrado en fondos de arena o fangosos bajo profundidades de 80 y 300 metros.,"Es un depredador voraz que se alimenta de peces, calamares y zooplancton",Caza por la noche quedándose a la espera para atrapar a la presa.,"('',)",https://pecesmediterraneo.com/wp-content/uploads/2020/09/scorpaena_loppei_2.jpg
Escórpora,Scorpaena Notata,"Tiene un cuerpo robusto no muy largo, con el lomo arqueado sobre el que destacan espinas verticales que forman la aleta dorsal. Cabeza grande donde resaltan sus ojos de gran tamaño, Coloración rojo/parduzco, marrón violáceo o rosáceo. Mide alrededor de los 10-18cm de longitud.",Se encuentra en fondos rocosos en grietas o cavidades y también en praderas de posidonia. Entre los 30 y 200m de profundidad.,"Se alimenta de crustáceos, principalmente de cangrejos, otros invertebrados y pequeños peces. Son cazadores voraces.","Es más activo de noche que de día, ya que sale a cazar sus presas. Si se ve incordiado se mueve a poca distancia y vuelve a quedarse parado.",N/C,https://pecesmediterraneo.com/wp-content/uploads/2019/03/scorpaena_notata.jpg
"Cabracho, Cap Roig",Scorpaena Scrofa,"Tiene un cuerpo robusto y alargado, con el lomo arqueado sobre el que destacan espinas verticales que forman la aleta dorsal. Cabeza grande y boca de gran tamaño, Coloración rojo/parduzco, repleto de manchas anaranjadas. Mide alrededor de los 30-50cm de longitud.",Se encuentra en fondos rocosos o de coral a partir de los 20m de profundidad y en grandes profundidades sobre fondos fangosos y arenosos. Viven entre los 20 y 300 metros de profundidad.,"Se alimenta de crustáceos, moluscos, otros invertebrados y pequeños peces. Son cazadores voraces.","Es más activo de noche que de día, ya que sale a cazar sus presas. Si se ve incordiado se mueve a poca distancia y vuelve a quedarse parado. Modifican su color para mimetizarse con el entorno.",25cm,https://pecesmediterraneo.com/wp-content/uploads/2019/03/scorpaena_scrofa.jpg
Gallineta Rosada,Scorpaena Elongata,"Ronda los 35cm de longitud, cabeza grande al igual que su boca, tiene los ojos ligeramente mas grandes que los del cabracho, no posee veneno en sus espinas dorsales, tiene unas aletas pectorales muy amplias. Es de color rosado.",Habita entre los 75 y 800 metros de profundidad sobre suelos fangosos donde busca sus presas.,"Se alimenta de pequeños peces bentónicos, moluscos y crustáceos como las gambas.","Tiene una muy baja tasa de reproducción, lo que hace que sea una especie vulnerable.","('',)",https://pecesmediterraneo.com/wp-content/uploads/2020/09/Scorpaena_Elongata_2.jpg
Torillo Ocelado,Blennius Ocellaris,"Pez de cuerpo alargado que decrece desde la cabeza a la cola, destacan 2 tentáculos por encima de sus ojos y una aleta dorsal espinada muy larga, es de color pardo con bandas verticales más oscuras, suele medir alrededor de los 15cm.",Viven en fondos duros entre los 10 y los 400 metros de profundidad.,Se alimentan de pequeños invertebrados del fondo del mar.,Están pegados en el fondo y son una especie nocturna.,N/C,https://pecesmediterraneo.com/wp-content/uploads/2019/03/blennius_ocellaris.jpg
Dormilón,Aidablennius Sphynx,"Pez muy pequeño de unos 7cm, con cuerpo alargado, destacan sus grandes aletas laterales con forma de abanico, son de color amarillento-marrón con bandas rojas y azules.",Viven a muy poca profundidad (máximo 3m) en fondos arenosos o huecos y agujeros rocosos.,Se alimentan de invertebrados minúsculos y algas.,Prefieren acostarse en las rocas en zonas de sombra.,N/C,https://pecesmediterraneo.com/wp-content/uploads/2019/03/aidaBlennius_sphynx.jpg
Lagartina,Parablennius sanguinolentus,"Pez que tiene una longitud habitual de unos 12 cm, con cuerpo alargado decreciente, su aleta dorsal cubre todo el cuerpo hasta llegar a la cola. Su coloración es marrón-amarillenta salpicada por múltiples manchas negras que cubren su cuerpo.",Viven a muy poca profundidad (máximo 5m) en fondos de grava o rocas cubiertas de vegetación.,Se alimentan de algas. Son ovíparos.,Es un pez que habita toda su vida en la misma zona.,N/C,https://pecesmediterraneo.com/wp-content/uploads/2019/03/parablennius_sanguinolentus.jpg
Barriguda,Parablennius Pilicornis,"Pez que tiene una longitud habitual de unos 12-15 cm, con cuerpo alargado bastante uniforme, su aleta dorsal cubre todo el cuerpo hasta llegar a la cola. Su coloración es muy variada según su estado de ánimo, normalmente pálido con manchas, pero puede ser lila o amarillo.",Sobre fondos rocosos hasta los 25m de profundidad cerca de grietas que usan como refugio,Se alimentan de algas e invertebrados.,"Son territoriales y solitarios, bastante curiosos. Suelen estar acostados sobre sus aletas branquiales.",N/C,https://pecesmediterraneo.com/wp-content/uploads/2019/03/parablennius_pilicornis.jpg
Mona,Coryphoblennius Galerita,"Es alargado, con cuerpo espigado y boca grande, su longitud máxima es de 7,5cm. Coloración variable aunque predomina el amarillo claro.",Vive pegado al fondo sobre superficies rocosas.,"Son omnívoros, aunque en su etapa adulta solo comen algas.",Su mayor característica es que puede permanecer fuera del agua bajo rocas o algas.,N/C,https://pecesmediterraneo.com/wp-content/uploads/2019/03/coryphoblennius_galerita.jpg
Flora,Lypophris Caneval,"Es alargado, con cuerpo espigado y boca grande, su longitud máxima es de 7cm. Coloración variable aunque predomina el color claro con manchas marrones.","Viven a muy poca profundidad entre los 0 y 2 metros en cavidades, agujeros o grietas de las rocas.","Son omnívoros, come invertebrados, moluscos y algas.",Los machos guardan con mucho celo los nidos de huevos.,N/C,https://pecesmediterraneo.com/wp-content/uploads/2019/03/lypophris_caneval.jpg
Flora Roja,Microlipophrys nigriceps,"Pez alargado de igual forma que los de su tipo, destaca su color naranja y cabeza oscura, es un pez pequeño de no más de 4,3cm.","Se encuentra en áreas costeras, en hasta 6 m de profundidad, sobre suelos rocosos introducidos en agujeros o grietas de estos.",Se alimenta de algas y cazando pequeños invertebrados.,Sólo están activos durante el día.,N/C,https://pecesmediterraneo.com/wp-content/uploads/2019/03/microlipophrys_nigriceps.jpg
Gallerbo o Blenio Pavo,Lypophrys Pavo,"Pez alargado de igual forma que los de su tipo, es de color beige con motas de color azul cielo en algunos casos, su longitud está alrededor de los 4cm, llegando hasta los 13cm.","Se encuentra en áreas costeras, en muy poca profundidad, sobre suelos rocosos introducidos en agujeros o grietas de estos.","Se alimenta pequeños invertebrados, moluscos o gambas.","Muy curiosos, se posan sobre la roca ojeando lo que sucede a su alrededor.",N/C,https://pecesmediterraneo.com/wp-content/uploads/2019/03/lypophrys_pavo.jpg
Gobio de Roca,Gobius Cobitis,"Hasta 27 centímetros de longitud, es de color gris a marrón oliva con marcas de ‘pimienta y sal’, estas son especialmente notables en especímenes más pequeños, en la época de reproducción el macho es más oscuro que la hembra.",Habita en las piscinas de roca en lo alto de la intermareal de las costas. Las piscinas ocupadas generalmente contienen rocas debajo de las cuales el gobio gigante puede refugiarse.,"Esta especie se alimenta de gusanos poliquetos, algas, anfípodos, cangrejos e insectos.",Reposan sobre roca en busca de presas.,N/C,https://pecesmediterraneo.com/wp-content/uploads/2020/05/gobius_cobitis.jpg
Chaparrudo,Gobius Niger,"Tiene un cuerpo más profundo que los otros gobios, el color es un poco de tono marrón oscuro con manchas negras indistintas. El color del macho se vuelve casi negro durante la temporada de reproducción y sus aletas se vuelven más vívidas. El tamaño promedio de este pez es de unos 5 a 7 cm.","Es originario de aguas poco profundas entre los 2 y 10m, hasta 50m máximo, su hábitat típico es lagunas, estuarios y aguas costeras, en fondos arenosos o fangosos y entre pastos marinos y algas marinas.",Se alimenta de pequeños invertebrados en el fondo marino.,Reposan sobre roca en busca de presas y se meten por cavidades cuando sienten peligro.,N/C,https://pecesmediterraneo.com/wp-content/uploads/2019/03/gobius_niger.jpg
Gobio de Roulei,Gobius Roulei,"Tiene un cuerpo alargado de no más de 8 cm, normalmente entre 4 y 5 cm. Color claro con manchas negras en forma de banda horizontal a través de su cuerpo.","Habitan fondos arenosos o de grava, entre los 3 y 25 metros de profundidad.","Son carnívoros comen fauna bentónica, incluyendo bivalvos, gasterópodos, poliquetos, pagúidos, mísidos, gammaridos y peces.","Reposan sobre el fondo, cuando son incordiados nadan unos metros y se vuelen a quedar quietos.",N/C,https://pecesmediterraneo.com/wp-content/uploads/2019/03/gobius_roulei.jpg
Gobio de Boca Roja,Gobius Cruentatus,"Esta especie puede alcanzar una longitud de 18 centímetros, destacan sus manchas en la cabeza y sus labios rojizos, tiene cuerpo alargado y cilíndrico. Es de color marrón con manchas rosadas.",Se encuentra en aguas costeras a profundidades de 15 a 40 Metros en áreas con sustratos rocosos o arenosos o en praderas de pastos marinos.,Su alimentación está basada en crustáceos y moluscos.,Es una especie solitaria y cuando se ven amenazados se apresuran a esconderse en huecos o grietas.,N/C,https://pecesmediterraneo.com/wp-content/uploads/2019/03/gobius_cruentatus.jpg
Gobio de Bucchichii,Gobius Bucchichi,"Esta especie puede alcanzar una longitud de 10 centímetros, tiene cuerpo alargado y cilíndrico. Es de color beige con manchas oscuras.",Se encuentra en aguas costeras a poca profundidad (máximo 6 m) sobre paredes de roca o fondos duros rocosos.,"Su alimentación está basada en crustáceos, algas e invertebrados.",Cuando se ven amenazados se apresuran a esconderse en huecos o grietas.,N/C,https://pecesmediterraneo.com/wp-content/uploads/2019/03/gobius_bucchichi.jpg
Gobio de Arena,Pomatoschistus Minutus,"El gobio de arena es de un color arenoso, con marcas más oscuras en los lados y una parte inferior de color blanco cremoso, tiene un cuerpo delgado y la cabeza es aproximadamente un cuarto de la longitud total. Esta especie puede alcanzar una longitud de 11 centímetros aunque su tamaño standard es de aproximadamente 4 a 5 cm.",Se encuentra en la arena o áreas fangosas de aguas costeras a profundidades de 4 a 200 metros.,"Se alimenta de pequeños invertebrados que viven en los fondos marinos, especialmente de anfípodos.",Normalmente espera bien camuflado e inmóvil en el fondo esperando que una presa se le acerque.,N/C,https://pecesmediterraneo.com/wp-content/uploads/2019/03/pomatoschistus_minutus.jpg
Salmonete de Roca,Mullus Surmuletus,"Esta especie puede alcanzar una longitud de 40 centímetros, aunque la mayoría mide alrededor de 25 centímetros, tiene el cuerpo alargado, con la boca en la parte inferior de su cabeza, de ella salen 2 antenas, normalmente tienen un color rosado, aunque su color es variable.","Frecuenta sobre todo los fondos arenosos o de grava, desde los 5 hasta los 80 metros de profundidad.","Se alimentan de crustáceos, anfípodos, poliquetos, moluscos o pequeños peces.","Constantemente remueven la arena y la filtran para alimentarse, pueden vivir en pequeños grupos.",11cm,https://pecesmediterraneo.com/wp-content/uploads/2019/03/mullus_surmunetus.jpg
Salmonete de Fango,Mullus Barbatus,"Puede medir hasta una longitud de 30 cm, pero una longitud más común es aproximadamente 15 cm. El hocico es corto y empinado. Tiene un par de antenas moderadamente largas en la barbilla. Su color más predominante es claro amarillento con una linea oscura horizontal que atraviesa su cuerpo.","Se encuentra en profundidades que van desde 10 a 300 m, sobre fondos fangosos, arenosos o de grava.","Es carnívoro, su dieta consiste principalmente en gusanos poliquetos , moluscos bivalvos y crustáceos.","Constantemente remueven la arena y la filtran para alimentarse, pueden vivir en pequeños grupos.",11cm,https://pecesmediterraneo.com/wp-content/uploads/2019/03/mullus_barbatus.jpg
Chicharra,Dactylopterus Volitans,"Cuerpo alargado y cilíndrico o rectangular, cuando despliega sus aletas pectorales se muestran como grandes abanicos, tiene color marrón rojizo por el dorso; aletas pectorales verdes y azuladas, muy llamativas. Mide hasta 50 centímetros de longitud.","Se encuentra en profundidades que van hasta los 150m, sobre fondos arenosos o de grava.","Su dieta consiste principalmente en bivalvos, pequeños peces y crustáceos. Se reproducen en verano.",Puede realizar una serie de sonidos-ronquidos y desarrollan su mayor actividad durante la noche.,N/C,https://pecesmediterraneo.com/wp-content/uploads/2019/03/dactylopterus_volitans.jpg
Bejel,Trigla Lucerna,"Cuerpo decreciente en forma de cono, con la cabeza siendo el punto más elevado de este, con ojos grandes y mentón pronunciado, es de color rojo con el vientre blanco. Puede llegar a medir hasta 75cm de longitud, siendo 30cm la longitud más común.","Vive en fondos de arena o fango, cerca de las rocas y a partir de los 40 metros de profundidad.","Se alimentan desenterrando a sus presas, principalmente de crustáceos, en su mayoría decápodos, pero también peces y moluscos.",Realizan sonidos similares a los gruñidos. Escarban el fondo constantemente.,N/C,https://pecesmediterraneo.com/wp-content/uploads/2019/03/trigla_lucerna.jpg
"Rubio, Cabrilla",Trigla Lyra,"Pez con cabeza grande y ojos saltones con cuerpo decreciente hasta terminar en una cola puntiaguda tiene unas pequeñas patas debajo de su cabeza, es de color rojizo y una longitud de unos 30 cm.","('',)",Se alimentan de crustáceos y sienten predilección por las gambas.,Sus patas no solo le sirven para desplazarse por el fondo si no también como aparato sensorial para desplazarse en la oscuridad.,"('',)",https://pecesmediterraneo.com/wp-content/uploads/2020/09/trigla_lyra_3.jpg
Pez escorpión,Trachinus Draco,"Pez alargado y aplanado lateralmente con ojos verticales y una boca superior distinta que se inclina hacia arriba. La mandíbula inferior es más larga que la mandíbula superior, las espinas en cada una de las cubiertas branquiales tienen glándulas de veneno. Su longitud va desde 10 cm hasta un máximo de 26cm.","Vive en aguas poco profundas hasta 150 metros, donde habita en su mayoría terrenos fangosos o arenosos.","Es carnívoro que se alimenta principalmente de Decápodos, Bonefish y Camarones.",Es un llamado depredador de emboscada que se sumerge en la arena fina durante el día solo con sus ojos y la punta de la aleta dorsal expuesta. Allí se esconde hasta que emerge una presa que luego es atacada por el depredador de forma rápida.,N/C,https://pecesmediterraneo.com/wp-content/uploads/2019/03/trachinus_draco.jpg
Araña,Trachinus Araneus,"Pez alargado con cuerpo estirado, color verdoso con manchas negras, mide hasta 40 cm de longitud aunque su longitud normal es de unos 30cm. Es venenoso.",Vive sobre fondos arenosos o fangosos a no mucha profundidad. Entre 1 y 100m.,Se alimenta principalmente de peces y crustáceos.,Es depredador de emboscada que se sumerge en la arena esperando a su presa y solo deja al aire su espina venenosa a modo de cebo.,N/C,https://pecesmediterraneo.com/wp-content/uploads/2019/03/trachinus_araneus.jpg
Araña Leopardo,Trachinus radiatus,"Pez alargado con la cabeza más grande que el resto del cuerpo que va en forma decreciente hasta la cola, boca oblicua, color verdoso con manchas negras, mide hasta 40 cm de longitud.","Vive sobre fondos arenosos o fangosos entre los 5 y 60 metros de profundidad, normalmente enterrado.",Se alimenta principalmente de peces y crustáceos.,Es depredador de emboscada que se sumerge en la arena esperando a su presa.,N/C,https://pecesmediterraneo.com/wp-content/uploads/2019/03/trachinus_radiatus.jpg
Araña Menor,Echiichthys Vipera,"Cuerpo alargado, color amarillento-pardusco, no mide más de 30 centímetros. Tiene una espina venenosa delante de su aleta dorsal.","Generalmente se encuentra en los fondos arenosos del mar abierto, cerca de la costa, desde unos pocos metros de profundidad hasta 150 m.",Se alimenta principalmente de peces y crustáceos.,"Descansando en la parte inferior, su posición puede describirse como con los ojos enterrados y la punta de la primera aleta dorsal expuesta.",N/C,https://pecesmediterraneo.com/wp-content/uploads/2019/03/echiichthys_vipera.jpg
Rata,Uranoscopus Scaber,"Cuerpo robusto alargado y voluminoso, puede llegar a los 40cm, tiene una cabeza grande y ojos pequeños, tiene una espina venenosa, su coloración es predominantemente marrón.",Vive normalmente enterrado en fondos de arena en hasta 100 metros de profundidad.,Come crustáceos y peces.,Se expone más durante la noche y se suele esconder bajo la arena.,N/C,https://pecesmediterraneo.com/wp-content/uploads/2019/03/uranoscopus_scaber.jpg
Mona Amarilla,Tripterygion Delaisi,"Cuerpo alargado, alrededor de los 7cm de longitud, tiene una cabeza pequeñas, su coloración es predominantemente marrón o gris, con banda anchas oscuras sobre su lomo.","Vive normalmente cerca de la costa sobre fondos rocosos a poca profundidad, nunca mayor de 20m.",Come plancton y pequeños animales que están en el fondo.,"Le gustan las zonas oscuras, si te acercas se desplazan levemente pero no se esconden.",N/C,https://pecesmediterraneo.com/wp-content/uploads/2019/03/tripterygion_delaisi_2.jpg
Mona Roja,Tripterygion Tripteronotus,"Cuerpo alargado y delgado, de no más de 8cm de longitud, tiene una cabeza pequeña y morro en punta, su coloración es predominantemente rojo o naranja en machos y amarillento marrón en las hembras.","Vive normalmente cerca de la costa sobre fondos rocosos a poca profundidad, nunca mayor de 12m.",Come plancton y pequeños animales que están en el fondo.,Es fácil acercarse a él pero a la vez es muy dinámico y si se siente en peligro se esconde rápidamente.,N/C,https://pecesmediterraneo.com/wp-content/uploads/2019/03/tripterygion_tripteronotus.jpg
Congrio,Conger Conger,"Cuerpo alargado y cilíndrico, similar al de una serpiente, su cabeza tiene una boca amplia, tiene 2 pequeñas aletas pectorales y su coloración es gris intenso. Puede llegar a medir hasta 3 metros.","Pueden vivir cerca de la costa en cuevas y cavidades rocosas, también se han visto a grandes profundidades hasta los 1000 metros.","Come peces, crustáceos y moluscos como el pulpo y calamares.","Desarrolla su mayor parte de actividad depredadora por las noches, cuando sale de su escondite a por presas.",60cm,https://pecesmediterraneo.com/wp-content/uploads/2019/03/conger_conger.jpg
Morena,Muraena Helena,"Es un pez con el cuerpo alargado con aspecto de serpiente, tiene una boca grande con una dentadura afilada. No tiene aletas, pero sí que tiene una cresta. Tiene colores marrones con manchas amarillas y negras bastante irregulares, puede llegar a medir 1 metro de longitud.","Pueden vivir cerca de la costa en cuevas y cavidades rocosas, hasta los 100metros.","Come peces, crustáceos y cefalópodos, es un depredador.","Desarrolla su mayor parte de actividad depredadora por las noches, son solitarias y muy territoriales, tienen una gran agresividad.",N/C,https://pecesmediterraneo.com/wp-content/uploads/2019/03/muraena_helena.jpg
"Podas, Soldado, Pedaç",Bothus Podas,"La forma de su cuerpo es ovalada y aplastada como un folio, pueden llegar a alcanzar los 45cm de longitud, tienen ojos saltones y su coloración se mimetiza con el fondo marino donde reposan, aunque tienen ciertas pequeñas manchas sobre su cuerpo.",Vive en fondos arenosos o de grava entre los 5 metros y los 100 metros de profundidad.,"Su alimento son pequeños invertebrados del suelo como gusanos, crustáceos y moluscos, así como otros peces pequeños.",Nadan realizando movimientos ondulatorios con su cuerpo a ras de suelo.,N/C,https://pecesmediterraneo.com/wp-content/uploads/2019/03/bothus_podas.jpg
Rodaballo,Psetta Maxima,"La forma de su cuerpo es redondo algo asimétrica y aplanada, se mimetiza con su entorno o tiene un color grisáceo, una boca grande y ojos asimétricos. Mide alrededor de 60cm de longitud.","Vive en fondos arenosos, de grava o fangosos entre los 5 metros y los 100 metros de profundidad.",Su alimento son peces bentónicos y en menor medida moluscos y crustáceos.,Nadan realizando movimientos ondulatorios con su cuerpo a ras de suelo.,N/C,https://pecesmediterraneo.com/wp-content/uploads/2019/03/psetta_maxima_3.jpg
Rombo,Scophthalmus Rhombus,"La forma de su cuerpo es redondo algo asimétrico y aplanada, se mimetiza con su entorno pero tiene unas manchas irregulares por todo el cuerpo, una boca grande y ojos asimétricos. Puede llegar a los 70cm de longitud.","Vive en fondos arenosos, de grava o fangosos entre los 5 metros y los 100 metros de profundidad.",Su alimento son peces bentónicos y en menor medida moluscos y crustáceos.,Nadan realizando movimientos ondulatorios con su cuerpo a ras de suelo. Es una especie escasa,N/C,https://pecesmediterraneo.com/wp-content/uploads/2019/03/scophthalmus_rhombus.jpg
Lenguado,Solea Solea,"La forma de su cuerpo es ovalada y plana, algo alargado, puede llegar a medir los 60cm de longitud, su coloración es marrón claro.",Vive en fondos arenosos o de grava entre los 10 metros y los 60 metros de profundidad.,Su alimento crustáceos e invertebrados que viven en los fondos.,"Nadan realizando movimientos ondulatorios con su cuerpo a ras de suelo. No son especialmente escurridizos, salvo si consiguen mimetizarse con el fondo.",20cm,https://pecesmediterraneo.com/wp-content/uploads/2019/03/solea_solea.jpg
Rape,Lophius Piscatorius,"Cuerpo muy irregular y aplanado, amplio y curvado, con una boca muy grande y unas grandes aletas pectorales, resaltan unos prominentes ojos sobre su boca, puede medir entre 150 y 200 cm de longitud.",Vive en fondos fangosos o de gran vegetación entre los 30m y los 150m de profundidad.,Son carnívoros y se alimentan preferentemente de otros peces.,Su forma de cazar consiste en atraer a las presas con un lóbulo que hace la función de cebo y atrapar a los peces que se acercan con su amplia boca.,30cm,https://pecesmediterraneo.com/wp-content/uploads/2019/03/lophius_piscatorius.jpg
Raja Aspera,Raja Radula,"Cuerpo en forma de pentágono y aplanado con una cola puntiaguda, pueden alcanzar hasta los 70 cm de longitud, tiene manchas oculares a ambos lados de la línea media del cuerpo el resto de la espalda es de color gris amarillento marcado con manchas grises y rayas. La parte inferior es casi blanca.","Vive en fondos de gran profundidad, hasta los 300 m.",Se alimenta de todo tipo de animales del fondo marino.,Planea por el fondo marino de forma elegante.,N/C,https://pecesmediterraneo.com/wp-content/uploads/2019/03/raja_radula.jpg
Raya Boca de Rosa,Raja Brachyura,"Cuerpo en forma de rombo y aplanado con una cola puntiaguda, pueden alcanzar hasta los 120 cm de longitud, tiene manchas irregulares negras por todo el cuerpo es de color marrón amarillento. La parte inferior es casi blanca.",Es una especie costera y vive en profundidades que van desde los 5m hasta los 100m.,"Los juveniles se alimentan de crustáceos más pequeños, mientras que los adultos más grandes se alimentan de organismos más grandes.",Planea por el fondo marino de forma elegante y se deja observar.,N/C,https://pecesmediterraneo.com/wp-content/uploads/2019/03/raja_brachyura.jpg
Raya Estrellada,Raja Asterias,"Cuerpo en forma de rombo y aplanado con una cola puntiaguda, pueden alcanzar hasta los 75 cm de longitud, tiene manchas irregulares oscuras por todo el cuerpo es de color canela. La parte inferior es casi blanca.",Sobre fondos fangosos o arenosos hasta 150m de profundidad.,Se alimentan de animales bentónicos.,Planea por el fondo marino de forma elegante si son molestadas intentan atacar con el aguijón.,N/C,https://pecesmediterraneo.com/wp-content/uploads/2019/03/raja_asterias.jpg
Raya de Clavos,Raja Clavata,"Cuerpo en forma de rombo, aunque no muy simétrico, y aplanado con una cola puntiaguda, pueden alcanzar hasta los 120 cm de longitud, su coloración es muy variable, con la superficie dorsal con todos los tonos de marrón con manchas oscuras y claras y manchas, superficie ventral blanca.",Sobre fondos fangosos o arenosos entre los 20 y 600m de profundidad.,Se alimentan de crustáceos y animales bentónicos.,Planea por el fondo marino de forma elegante y son solitarios.,N/C,https://pecesmediterraneo.com/wp-content/uploads/2019/03/raja_clavata.jpg
Pastinaca Común,Dasyatis Pastinaca,"Cuerpo en forma de abanico y aplanado con una cola puntiaguda terminada en aguijón venenoso, tienen entre 1,2m y 2,1m de ancho. Su coloración es muy variable, tiene una superficie ventral blanca.",Vive en áreas cercanas a la costa con rango de profundidad entre 5 a 100 m,Se alimentan de pescado e invertebrados bentónicos.,Permanecen enterrados bajo la arena y nadan lentamente.,N/C,https://pecesmediterraneo.com/wp-content/uploads/2019/03/dasyatis_pastinaca.jpg
Pastinaca Violeta,Pteroplatytrygon violacea,"Cuerpo en forma de rombo su parte central es más grande que las demás de su especie, con una cola puntiaguda terminada en aguijon venenoso, su coloración es violeta azul.","Cerca de la superficie, en mar abierto.",Se alimenta de invertebrados y peces.,"Nada cerca da la superficie, es una especie migratoria.",N/C,https://pecesmediterraneo.com/wp-content/uploads/2019/03/pteroplatytrygon_violacea_2.jpg
Raya Mariposa,Gymnura Altavela,"Cuerpo en forma de abanico, puede medir más de 2 metros, su cola es muy pequeña, la coloración es marrón oscuro en la parte superior, a veces con pequeñas manchas más claras o más oscuras o color mármol.","Se encuentra en aguas costeras poco profundas sobre fondos de fango o arenosos, a una profundidad de 5 a 100 m.",Se alimenta de invertebrados y peces.,Son una especie muy tranquila que nada lentamente por el fondo.,N/C,https://pecesmediterraneo.com/wp-content/uploads/2019/03/gymnura_altavela.jpg
Aguila Marina,Myliobatis Aquila,"Cuerpo aplanado en forma de disco, la cabeza que le sobresale con un hocico corto y redondeado. Puede superar los 80 cm de largo per normalmente tiene un tamaño más pequeño. Su coloración es entre marrón y negro.","Nada a mar abierto entre 1-300 m de profundidad, también puede verse cerca de la superficie. En ocasiones se localiza en fondos arenosos y fangosos.",Se alimenta de crustáceos y moluscos y de peces de pequeño tamaño que viven en el fondo.,"Acude con frecuencia a las zonas más costeras, para alimentarse. Su aleteo es como el de un pájaro batiendo sus alas.",N/C,https://pecesmediterraneo.com/wp-content/uploads/2019/03/myliobatis_aquila.jpg
Pez Obispo,Pteromylaeus Bovinus,"Cuerpo aplanado en forma de disco o rombo, presenta un hocico pronunciado y puntiagudo, tiene una gran envergadura, la cual llega a alcanzar 1,5 m.​ Su coloración es marrón clara en el dorso y blanco ventralmente.",Su hábitat se encuentra en aguas cálidas tropicales y cercanas a la costa.,Su alimentación se compone principalmente de crustáceos y moluscos del fondo marino.,Nadan por el fondo o a media profundidad. A veces forman pequeños grupos.,N/C,https://pecesmediterraneo.com/wp-content/uploads/2019/03/pteromylaeus_bovinus.jpg
